<?xml version="1.0" encoding="utf-8"?>
<odoo>

<record id="group_warranty_manager" model="res.groups">
            <field name="name">Warranty Manager</field>
        </record>



    <record id="group_warranty_user" model="res.groups">
            <field name="name">Warranty User</field>
        </record>
        <record id="group_warranty_user" model="res.groups">
            <field name="name">Warranty User</field>
        </record>


    <record id="rec_warranty_user" model="ir.rule">
            <field name="name">Warranty Manager</field>
            <field name="model_id" ref="model_warranty_request"></field>
       <field name="domain_force"></field>
        <field name="groups" eval="[(4, ref('group_warranty_manager'))]"/>

    </record>
</odoo>