<?xml version="1.0" encoding="utf-8"?>
<odoo>

    <record id="group_warranty_selection_id" model="ir.module.category">
            <field name="name">Warranty</field>
            <field name="sequence" eval="20" />
        </record>




    <record id="group_warranty_user" model="res.groups">
            <field name="name">User</field>
            <field name='category_id'
                   ref="warranty.group_warranty_selection_id"></field>

        </record>

        <record id="group_warranty_manager" model="res.groups">
            <field name="name">Manager</field>
            <field name='category_id'
                   ref="warranty.group_warranty_selection_id">
            </field>
          <field name="implied_ids" eval="[(4, ref('group_warranty_user'))]">

          </field>
        </record>










</odoo>