<?xml version="1.0" encoding="utf-8"?>

<odoo>
    <record id="ir_cron_filter" model="ir.cron">
        <field name="name">Warranty Filter</field>
        <field name="model_id" ref="model_warranty_request"/>
        <field name="state">code</field>
        <field name="code">model.filter_serials()</field>
        <field name="interval_type"></field>
        <field name="active">True</field>
        <field name="interval_number">1</field>
        <field name="numbercall">-10</field>
        </record>
</odoo>